91,Willow,Lincolnshire,0332
47,Indigo,Östergötlands län,364858
68,Philip,BR,3044
71,Castor,N.,49910
97,Nyssa,SP,3938
26,Tobias,Wie,N2Z 7B1
98,Xanthus,IL,517293
37,Troy,LU,97651
19,Zoe,L,18625-817
59,Halee,Akwa Ibom,3733 HY
47,Seth,Limousin,19241
11,Desirae,Ist,96956-121
93,Zeph,Lubelskie,1922 IJ
12,Wesley,Western Australia,61116
86,Kelly,KL,870889
34,Charlotte,Andalucía,358639
75,Basia,WP,6624
4,Meghan,Gelderland,26554
60,Anastasia,Ulster,32-819
91,Clare,Western Australia,834856
40,Bree,RM,47427
43,Samuel,OV,670328
5,Kimberly,North Island,76647-805
25,Mollie,Gelderland,39270
41,Cathleen,Haryana,H0L 1X3
67,Nichole,NB,59666
76,Hayden,CM,761021
65,Amanda,Victoria,10-024
13,Donna,AZ,10793
92,Heather,Wie,12251
48,Bradley,MO,11719
94,Brody,Heredia,297824
18,Charlotte,RJ,E3R 5QE
1,Patrick,ON,9769
61,Julie,Cartago,28090
95,Hall,WI,11421
49,Ishmael,Ank,54394
4,Fiona,Andhra Pradesh,07538
66,Ishmael,AP,24491
99,Mercedes,Şanlıurfa,7324 ZZ
38,Lane,PA,67098
1,Vivien,Lagos,41806
74,Suki,Saskatchewan,4546 CA
67,Deirdre,DL,078088
13,Richard,North Rhine-Westphalia,145645
95,Madison,British Columbia,26990
21,Kasimir,Gl,01793
91,Keane,Vlaams-Brabant,41411
20,Karina,SJ,5283
33,Mannix,Overijssel,918192
26,Sean,Swiętokrzyskie,8040
68,Nerea,Rio de Janeiro,GT2 2PS
52,Lacey,SI,11068
3,Hedley,Quebec,21310
63,Alma,KS,3304
55,Robert,Wie,817869
22,Jillian,Jigawa,77039
98,Sybil,PB,5027
83,Madeline,QLD,7203
9,Evangeline,U,714004
68,Raymond,Jönköpings län,93479
17,Stone,SJ,1355
16,Nicholas,Gaziantep,1941
33,Lani,N.,29591
25,Sarah,Aquitaine,16775
31,Mollie,Kogi,54513
47,Dante,N.,44898
59,Gil,Michigan,6651
80,Josephine,Delaware,3744
94,Cameron,NI,2770 XL
93,Aurelia,Hamburg,97511
81,Quincy,Manitoba,5830 DC
71,Ignacia,MG,2586 CF
82,Portia,OV,794485
85,Avram,Metropolitana de Santiago,8383
68,Zachery,Madhya Pradesh,788005
76,Richard,Ayrshire,V8N 7T5
12,Wynter,Västra Götalands län,798428
41,Slade,Comunitat Valenciana,151611
91,Tarik,AN,986525
36,Gregory,Dr,12617
28,Keiko,VIC,49145-136
90,Paloma,Madrid,00658-365
23,Claire,Texas,3762 WJ
40,Ina,OY,3948
61,Dillon,Cartago,73986
72,Scarlett,New South Wales,1032
30,Martena,WA,3533
36,Zachery,Zl,21616
23,Anastasia,AP,8633
90,Rae,Mazowieckie,F2 5LC
82,Ishmael,San José,Y1T 3C3
73,Hannah,MP,7334
11,Tiger,Diyarbakır,63300
59,Ora,Tarapacá,8014
56,Audrey,ON,R94 9GL
48,Summer,Wiltshire,4116
76,Ferdinand,Brandenburg,61613
66,Mark,CG,38701
65,Adam,Noord Holland,H0Z 0W7